job_id,resume_id,job_text,resume_text,experience,projects,ai_score,label
921716,66,"marketing coordinator job descriptiona leading real estate firm in new jersey is seeking an administrative marketing coordinator with some experience in graphic design you will be working closely with our fun kind ambitious members of the sales team and our dynamic executive team on a daily basis this is an opportunity to be part of a fastgrowing highly respected real estate brokerage with a reputation for exceptional marketing and extraordinary culture of cooperation and inclusionwho you areyou must be a wellorganized creative proactive positive and most importantly kindhearted person please be responsible respectful and coolunderpressure please be proficient in adobe creative cloud indesign illustrator photoshop and microsoft office suite above all have fantastic taste and be a goodhearted funloving person who loves working with people and is eager to learnroleour office is a fastpaced environment youll work directly with a marketing team and communicate daily with other core staff and our large team of agents this description is a brief overview but your skills and interests will be considered in what you work on and as the role evolves over timeagent assistance receive  organize marketing requests from agents track tasks  communicate with marketing team  agents on status prepare print materials and signs for open houses submit orders to printers  communicate  track deadlinesgraphic design  branding managing brand strategy and messaging through website social media videos online advertising print placement and events receive organize and prioritize marketing requests from agents fulfill agent design requests including postcards signs email marketing and property brochures using preexisting templates and creating custom designs maintain brand assets and generic filesevents  community plan and execute events and promotions manage contacts  vendors for event planning  sponsorshipsour company is committed to creating a diverse environment and is proud to be an equal opportunity employer all qualified applicants will receive consideration for employment without regard to race color religion gender gender identity or expression sexual orientation national origin genetics disability age or veteran statusjob type fulltime
pay hour
expected hours    per week
benefitspaid time offschedule hour shiftmonday to fridayexperiencemarketing  year preferredgraphic design  years preferredwork location in person requirements 

we are seeking a college or graduate student can also be completed with school with a focus in planning architecture real estate development or management or general business must be able to work in an extremely fast paced environment and able to multitask and prioritize ",java react c phd  software engineer,1,3,40,0
921716,205,"marketing coordinator job descriptiona leading real estate firm in new jersey is seeking an administrative marketing coordinator with some experience in graphic design you will be working closely with our fun kind ambitious members of the sales team and our dynamic executive team on a daily basis this is an opportunity to be part of a fastgrowing highly respected real estate brokerage with a reputation for exceptional marketing and extraordinary culture of cooperation and inclusionwho you areyou must be a wellorganized creative proactive positive and most importantly kindhearted person please be responsible respectful and coolunderpressure please be proficient in adobe creative cloud indesign illustrator photoshop and microsoft office suite above all have fantastic taste and be a goodhearted funloving person who loves working with people and is eager to learnroleour office is a fastpaced environment youll work directly with a marketing team and communicate daily with other core staff and our large team of agents this description is a brief overview but your skills and interests will be considered in what you work on and as the role evolves over timeagent assistance receive  organize marketing requests from agents track tasks  communicate with marketing team  agents on status prepare print materials and signs for open houses submit orders to printers  communicate  track deadlinesgraphic design  branding managing brand strategy and messaging through website social media videos online advertising print placement and events receive organize and prioritize marketing requests from agents fulfill agent design requests including postcards signs email marketing and property brochures using preexisting templates and creating custom designs maintain brand assets and generic filesevents  community plan and execute events and promotions manage contacts  vendors for event planning  sponsorshipsour company is committed to creating a diverse environment and is proud to be an equal opportunity employer all qualified applicants will receive consideration for employment without regard to race color religion gender gender identity or expression sexual orientation national origin genetics disability age or veteran statusjob type fulltime
pay hour
expected hours    per week
benefitspaid time offschedule hour shiftmonday to fridayexperiencemarketing  year preferredgraphic design  years preferredwork location in person requirements 

we are seeking a college or graduate student can also be completed with school with a focus in planning architecture real estate development or management or general business must be able to work in an extremely fast paced environment and able to multitask and prioritize ",java c mba google ml software engineer,9,3,100,1
921716,190,"marketing coordinator job descriptiona leading real estate firm in new jersey is seeking an administrative marketing coordinator with some experience in graphic design you will be working closely with our fun kind ambitious members of the sales team and our dynamic executive team on a daily basis this is an opportunity to be part of a fastgrowing highly respected real estate brokerage with a reputation for exceptional marketing and extraordinary culture of cooperation and inclusionwho you areyou must be a wellorganized creative proactive positive and most importantly kindhearted person please be responsible respectful and coolunderpressure please be proficient in adobe creative cloud indesign illustrator photoshop and microsoft office suite above all have fantastic taste and be a goodhearted funloving person who loves working with people and is eager to learnroleour office is a fastpaced environment youll work directly with a marketing team and communicate daily with other core staff and our large team of agents this description is a brief overview but your skills and interests will be considered in what you work on and as the role evolves over timeagent assistance receive  organize marketing requests from agents track tasks  communicate with marketing team  agents on status prepare print materials and signs for open houses submit orders to printers  communicate  track deadlinesgraphic design  branding managing brand strategy and messaging through website social media videos online advertising print placement and events receive organize and prioritize marketing requests from agents fulfill agent design requests including postcards signs email marketing and property brochures using preexisting templates and creating custom designs maintain brand assets and generic filesevents  community plan and execute events and promotions manage contacts  vendors for event planning  sponsorshipsour company is committed to creating a diverse environment and is proud to be an equal opportunity employer all qualified applicants will receive consideration for employment without regard to race color religion gender gender identity or expression sexual orientation national origin genetics disability age or veteran statusjob type fulltime
pay hour
expected hours    per week
benefitspaid time offschedule hour shiftmonday to fridayexperiencemarketing  year preferredgraphic design  years preferredwork location in person requirements 

we are seeking a college or graduate student can also be completed with school with a focus in planning architecture real estate development or management or general business must be able to work in an extremely fast paced environment and able to multitask and prioritize ",react sql java c phd aws certified software engineer,1,5,65,1
1829192,38,"mental health therapistcounselor at aspen therapy and wellness  we are committed to serving clients with best practices to help them with change improvements and better quality of life we believe in providing a secure supportive environment to grow as a clinician and learn how to foster longevity in the career which is part of our mission statement
thank you for taking the time to explore a career with us we are excited to be a new group practice in the community if you are looking for quality supervision as you work towards licensure and ability to serve populations while accepting a variety of insurance panels we may be a good fit our supervisors are trained in emdr and utilize a parts work perspective with a trauma lens
we are actively looking to hire a therapist in the area who is passionate about working with adults and committed to growth and excellence in the field we are located in old town square fort collins
we value and are strengthened by diversity and desire a warm and welcoming place for all people we believe in racial and ethnic equality gender equity and social inclusion
position requirement possibilitiesa graduate level psychological counselingrelated degreemasters of social work mswlswlicensed professional counselor candidate lpccclinical social worker lcswprofessional counselor lpcmarriagefamily therapist lmftrelating to thiswanting to deliver high quality mental healthcareseeking quality supervision and growth in a healthy environmentwhat we offerflexible work schedulew employment  commission basedbuilding to full time workjump of  in commission as well as monthly bonusstipend once full timeweekly supervision providedpaid weekly team meetings hrtwo paid wellness hoursmonth hrtelemedicine and inperson flexibilitysupportive work environment with direct access to two supervisorsadministrative supportapproved professional development training providedfully automated ehr and technology supportstrong worklife balancejob dutiesconducting intake assessmentsdeveloping and implementing treatment plans for clients based on assessment and coordinating any additional services needed revising as necessaryconducting individual sessions as appropriate for the treatment plan of the patientapplying psychotherapeutic techniques and interventions in the delivery of services to individuals for the purpose of treating emotional and behavioral disorders that have been diagnosed in assessmentparticipating in team meetings in order to staff new cases presenting appropriate patient information to the team recommending effective treatment interventionsbuilding and maintaining an active caseload with assigned clientscompleting timely progress notes and treatment updates in the ehr maintaining all clinical documentation in accordance with regulatory and accrediting standardsproviding crisis intervention to patients in acute distress and referring as neededperforming case management and discharge planning as neededexcellent communication and interpersonal skillscompassionate and empathetic approach to patient careplease send resume and cover letter to infoaspentherapyandwellnesscom
about aspen therapy and wellness llcaspen therapy and wellness is a mental health services provider focusing on work with adults in an outpatient setting working with a variety of mental health issues both inperson in old town fort collins and throughout the state of colorado via telehealth services
please note that this job description is not exhaustive and additional duties may be assigned as needed  ",c sql java btech google ml software engineer,5,7,100,1
1829192,14,"mental health therapistcounselor at aspen therapy and wellness  we are committed to serving clients with best practices to help them with change improvements and better quality of life we believe in providing a secure supportive environment to grow as a clinician and learn how to foster longevity in the career which is part of our mission statement
thank you for taking the time to explore a career with us we are excited to be a new group practice in the community if you are looking for quality supervision as you work towards licensure and ability to serve populations while accepting a variety of insurance panels we may be a good fit our supervisors are trained in emdr and utilize a parts work perspective with a trauma lens
we are actively looking to hire a therapist in the area who is passionate about working with adults and committed to growth and excellence in the field we are located in old town square fort collins
we value and are strengthened by diversity and desire a warm and welcoming place for all people we believe in racial and ethnic equality gender equity and social inclusion
position requirement possibilitiesa graduate level psychological counselingrelated degreemasters of social work mswlswlicensed professional counselor candidate lpccclinical social worker lcswprofessional counselor lpcmarriagefamily therapist lmftrelating to thiswanting to deliver high quality mental healthcareseeking quality supervision and growth in a healthy environmentwhat we offerflexible work schedulew employment  commission basedbuilding to full time workjump of  in commission as well as monthly bonusstipend once full timeweekly supervision providedpaid weekly team meetings hrtwo paid wellness hoursmonth hrtelemedicine and inperson flexibilitysupportive work environment with direct access to two supervisorsadministrative supportapproved professional development training providedfully automated ehr and technology supportstrong worklife balancejob dutiesconducting intake assessmentsdeveloping and implementing treatment plans for clients based on assessment and coordinating any additional services needed revising as necessaryconducting individual sessions as appropriate for the treatment plan of the patientapplying psychotherapeutic techniques and interventions in the delivery of services to individuals for the purpose of treating emotional and behavioral disorders that have been diagnosed in assessmentparticipating in team meetings in order to staff new cases presenting appropriate patient information to the team recommending effective treatment interventionsbuilding and maintaining an active caseload with assigned clientscompleting timely progress notes and treatment updates in the ehr maintaining all clinical documentation in accordance with regulatory and accrediting standardsproviding crisis intervention to patients in acute distress and referring as neededperforming case management and discharge planning as neededexcellent communication and interpersonal skillscompassionate and empathetic approach to patient careplease send resume and cover letter to infoaspentherapyandwellnesscom
about aspen therapy and wellness llcaspen therapy and wellness is a mental health services provider focusing on work with adults in an outpatient setting working with a variety of mental health issues both inperson in old town fort collins and throughout the state of colorado via telehealth services
please note that this job description is not exhaustive and additional duties may be assigned as needed  ",sql c java bsc deep learning specialization software engineer,4,10,100,1
1829192,119,"mental health therapistcounselor at aspen therapy and wellness  we are committed to serving clients with best practices to help them with change improvements and better quality of life we believe in providing a secure supportive environment to grow as a clinician and learn how to foster longevity in the career which is part of our mission statement
thank you for taking the time to explore a career with us we are excited to be a new group practice in the community if you are looking for quality supervision as you work towards licensure and ability to serve populations while accepting a variety of insurance panels we may be a good fit our supervisors are trained in emdr and utilize a parts work perspective with a trauma lens
we are actively looking to hire a therapist in the area who is passionate about working with adults and committed to growth and excellence in the field we are located in old town square fort collins
we value and are strengthened by diversity and desire a warm and welcoming place for all people we believe in racial and ethnic equality gender equity and social inclusion
position requirement possibilitiesa graduate level psychological counselingrelated degreemasters of social work mswlswlicensed professional counselor candidate lpccclinical social worker lcswprofessional counselor lpcmarriagefamily therapist lmftrelating to thiswanting to deliver high quality mental healthcareseeking quality supervision and growth in a healthy environmentwhat we offerflexible work schedulew employment  commission basedbuilding to full time workjump of  in commission as well as monthly bonusstipend once full timeweekly supervision providedpaid weekly team meetings hrtwo paid wellness hoursmonth hrtelemedicine and inperson flexibilitysupportive work environment with direct access to two supervisorsadministrative supportapproved professional development training providedfully automated ehr and technology supportstrong worklife balancejob dutiesconducting intake assessmentsdeveloping and implementing treatment plans for clients based on assessment and coordinating any additional services needed revising as necessaryconducting individual sessions as appropriate for the treatment plan of the patientapplying psychotherapeutic techniques and interventions in the delivery of services to individuals for the purpose of treating emotional and behavioral disorders that have been diagnosed in assessmentparticipating in team meetings in order to staff new cases presenting appropriate patient information to the team recommending effective treatment interventionsbuilding and maintaining an active caseload with assigned clientscompleting timely progress notes and treatment updates in the ehr maintaining all clinical documentation in accordance with regulatory and accrediting standardsproviding crisis intervention to patients in acute distress and referring as neededperforming case management and discharge planning as neededexcellent communication and interpersonal skillscompassionate and empathetic approach to patient careplease send resume and cover letter to infoaspentherapyandwellnesscom
about aspen therapy and wellness llcaspen therapy and wellness is a mental health services provider focusing on work with adults in an outpatient setting working with a variety of mental health issues both inperson in old town fort collins and throughout the state of colorado via telehealth services
please note that this job description is not exhaustive and additional duties may be assigned as needed  ",react java sql mba google ml software engineer,4,9,100,1
10998357,41,"assitant restaurant manager the national exemplar is accepting applications for an assistant restaurant manager
we offer highly competitive wages healthcare paid time off complimentary dining privileges and bonus opportunities 
we are a serious professional longstanding neighborhood restaurant with over  years of service if you are looking for a longterm fit with a best in class organization then you should apply now 
please send a resumes to pardomnationalexemplarcom o we are currently accepting resumes for foh  asisstant restaurant management with a strong focus on delivering high quality customer service prefer  to  years foh management experience candidate should be a selfstarter proactive attentive to details and like developing others must have a strong sense of teamwork and strong witten and verbal communication skills have a keen interest in service food and learning passion for excellence and doing things right ",c react mba aws certified software engineer,10,9,100,1
10998357,66,"assitant restaurant manager the national exemplar is accepting applications for an assistant restaurant manager
we offer highly competitive wages healthcare paid time off complimentary dining privileges and bonus opportunities 
we are a serious professional longstanding neighborhood restaurant with over  years of service if you are looking for a longterm fit with a best in class organization then you should apply now 
please send a resumes to pardomnationalexemplarcom o we are currently accepting resumes for foh  asisstant restaurant management with a strong focus on delivering high quality customer service prefer  to  years foh management experience candidate should be a selfstarter proactive attentive to details and like developing others must have a strong sense of teamwork and strong witten and verbal communication skills have a keen interest in service food and learning passion for excellence and doing things right ",java react c phd  software engineer,1,3,40,0
10998357,190,"assitant restaurant manager the national exemplar is accepting applications for an assistant restaurant manager
we offer highly competitive wages healthcare paid time off complimentary dining privileges and bonus opportunities 
we are a serious professional longstanding neighborhood restaurant with over  years of service if you are looking for a longterm fit with a best in class organization then you should apply now 
please send a resumes to pardomnationalexemplarcom o we are currently accepting resumes for foh  asisstant restaurant management with a strong focus on delivering high quality customer service prefer  to  years foh management experience candidate should be a selfstarter proactive attentive to details and like developing others must have a strong sense of teamwork and strong witten and verbal communication skills have a keen interest in service food and learning passion for excellence and doing things right ",react sql java c phd aws certified software engineer,1,5,65,1
23221523,159,"senior elder law  trusts and estates associate attorney senior associate attorney  elder law  trusts and estates  our legal team is committed to providing each client with quality counsel innovative solutions and personalized service founded in  the firm offers the legal expertise of its  attorneys who have accumulated experience and problemsolving skills over decades of practice
we are a prominent lake success law firm seeking an associate attorney for its growing elder law and estate planning practice the successful candidate will be a selfmotivated detailoriented team member with strong communication skills and a desire to grow their practice experience with estate planning administration and litigation and is preferred
 responsibilities will include
counseling clients with regard to estate planning and asset protectionformulating and overseeing execution of medicaid and estate plansdrafting wills revocable and irrevocable trusts powers of attorney health care proxies and living willsestate administrationtrust administrationcourt appearances for estate and proceedingssupervising paralegals 
qualificationsjuris doctor degree jd from an accredited law schoollicensed to practice law in new york years of experienceexperience with various advance directives trusts and willsstrong analytical and problemsolving skillsability to build rapport with clientsexcellent written and verbal communication skills
 competitive salary commensurate with experiencesalary  benefits k medical dental life insurance pto and more
this position is based out of lake success ny this position requires a baseline understanding of online marketing including search engine marketing search engine optimization and campaign analytics the ideal candidate must be an analytical and detailed dynamic selfstarter who is proactive and able to multitask effectively this individual must be a strategic thinker with excellent verbal and written communication as well strong presentation skills and the ability to work independently in an organized manner ",ethical hacking linux bsc aws certified cybersecurity analyst,6,9,100,1
23221523,101,"senior elder law  trusts and estates associate attorney senior associate attorney  elder law  trusts and estates  our legal team is committed to providing each client with quality counsel innovative solutions and personalized service founded in  the firm offers the legal expertise of its  attorneys who have accumulated experience and problemsolving skills over decades of practice
we are a prominent lake success law firm seeking an associate attorney for its growing elder law and estate planning practice the successful candidate will be a selfmotivated detailoriented team member with strong communication skills and a desire to grow their practice experience with estate planning administration and litigation and is preferred
 responsibilities will include
counseling clients with regard to estate planning and asset protectionformulating and overseeing execution of medicaid and estate plansdrafting wills revocable and irrevocable trusts powers of attorney health care proxies and living willsestate administrationtrust administrationcourt appearances for estate and proceedingssupervising paralegals 
qualificationsjuris doctor degree jd from an accredited law schoollicensed to practice law in new york years of experienceexperience with various advance directives trusts and willsstrong analytical and problemsolving skillsability to build rapport with clientsexcellent written and verbal communication skills
 competitive salary commensurate with experiencesalary  benefits k medical dental life insurance pto and more
this position is based out of lake success ny this position requires a baseline understanding of online marketing including search engine marketing search engine optimization and campaign analytics the ideal candidate must be an analytical and detailed dynamic selfstarter who is proactive and able to multitask effectively this individual must be a strategic thinker with excellent verbal and written communication as well strong presentation skills and the ability to work independently in an organized manner ",linux cybersecurity mtech google ml cybersecurity analyst,1,3,45,0
23221523,16,"senior elder law  trusts and estates associate attorney senior associate attorney  elder law  trusts and estates  our legal team is committed to providing each client with quality counsel innovative solutions and personalized service founded in  the firm offers the legal expertise of its  attorneys who have accumulated experience and problemsolving skills over decades of practice
we are a prominent lake success law firm seeking an associate attorney for its growing elder law and estate planning practice the successful candidate will be a selfmotivated detailoriented team member with strong communication skills and a desire to grow their practice experience with estate planning administration and litigation and is preferred
 responsibilities will include
counseling clients with regard to estate planning and asset protectionformulating and overseeing execution of medicaid and estate plansdrafting wills revocable and irrevocable trusts powers of attorney health care proxies and living willsestate administrationtrust administrationcourt appearances for estate and proceedingssupervising paralegals 
qualificationsjuris doctor degree jd from an accredited law schoollicensed to practice law in new york years of experienceexperience with various advance directives trusts and willsstrong analytical and problemsolving skillsability to build rapport with clientsexcellent written and verbal communication skills
 competitive salary commensurate with experiencesalary  benefits k medical dental life insurance pto and more
this position is based out of lake success ny this position requires a baseline understanding of online marketing including search engine marketing search engine optimization and campaign analytics the ideal candidate must be an analytical and detailed dynamic selfstarter who is proactive and able to multitask effectively this individual must be a strategic thinker with excellent verbal and written communication as well strong presentation skills and the ability to work independently in an organized manner ",cybersecurity networking phd google ml cybersecurity analyst,1,6,60,0
35982263,89,service technician looking for hvac service tech with experience in commerical and industrial equipment minimum  yrs on the job with mechanical license winger is a full line union mechanical business with piping plumbing sheet metal and service  ,react sql java phd google ml software engineer,5,10,100,1
35982263,47,service technician looking for hvac service tech with experience in commerical and industrial equipment minimum  yrs on the job with mechanical license winger is a full line union mechanical business with piping plumbing sheet metal and service  ,sql java c react mba aws certified software engineer,4,9,100,1
35982263,186,service technician looking for hvac service tech with experience in commerical and industrial equipment minimum  yrs on the job with mechanical license winger is a full line union mechanical business with piping plumbing sheet metal and service  ,java c react sql mba deep learning specialization software engineer,5,7,100,1
91700727,183,"economic development and planning intern job summarythe economic development  planning intern will provide valuable support to the economic development  planning team with a specific focus on urban planning and transportation initiatives during the upcoming summer semester this role is ideal for a local graduate or undergraduate student with a keen interest in economic development city planning and a passion for contributing to the growth of a vibrant downtown community
responsibilitiesessential functionssupport the planning  transportation manager and dra economic development planning team in major planning and advocacy initiatives such as the ongoing downtown economic development strategyassist in coordination efforts related to transportation planning and major downtownprojects such raleighs first bus rapid transit linecontribute to the creation of reports including the annual state of downtown andquarterly market reportsassist in data collection analysis and maintenance of downtown datasupport small business and retail recruitment programsparticipate in stakeholder meetings and community engagement efforts
qualificationscurrently enrolled in a graduate or undergraduate program with a focus on urbanplanning economics business research public administration geographysustainability or related fieldstrong interest in economic development city planning and community revitalizationexcellent analytical and research skills with a keen eye for detailproficiency in microsoft office suite and data analysis toolseffective communication skills both written and verbal
benefitsgain handson experience in economic development and city planningwork closely with a dynamic and experienced team of economic development andplanning professionalsnetworking opportunities with local stakeholders and professionalscompensation for your contributions
physical requirementsprolonged periods sitting at a desk and working on a computermust be able to lift up to  pounds at timesmust be able to access various departments of a given location
position environment this is an inperson role with the candidate reporting to the downtown raleigh alliance offices at  fayetteville street suite  raleigh nc office space will be provided onsite at dra and the intern may also be in the field providing support to our downtown raleigh community dra will provide parking for regular or required onsite work dra will also provide the option of transit passes for regular or onsite work travel outside of periodic travel to and from downtown raleigh and the dra office will not be required of this position
other dutiesplease note this job description is not designed to cover or contain a comprehensive listing of activities duties or responsibilities that are required of the employee for this job duties responsibilities and activities may change at any time with or without notice
compensationthis position is a temporary parttime position at approximately  to  hours a week and limited to a maximum week term aligned with the summer university calendar anticipated pay range is    an hour commensurate with qualifications and prior experience this position is nonexempt and not eligible for benefits at dra
how to applyplease submit your resume and cover letter highlighting your interest in economic development and planning to maryselldowntownraleighorg applications will be accepted until monday may th interviews will be scheduled on a rolling basis
eeo statement we are an equal employment opportunity employer and do not discriminate against any person because of race color creed religion national origin political affiliation sex gender identity or expression sexual orientation age disability genetic information or other reasons prohibited by law referred to as protected status this nondiscrimination and opportunity policy extends to employment use of all company facilities membership board service and leadership volunteerism participation in any of the organizations programs or services and all employment actions such as promotions compensation benefits and termination of employment  ",pytorch nlp bsc  ai researcher,0,7,45,0
91700727,97,"economic development and planning intern job summarythe economic development  planning intern will provide valuable support to the economic development  planning team with a specific focus on urban planning and transportation initiatives during the upcoming summer semester this role is ideal for a local graduate or undergraduate student with a keen interest in economic development city planning and a passion for contributing to the growth of a vibrant downtown community
responsibilitiesessential functionssupport the planning  transportation manager and dra economic development planning team in major planning and advocacy initiatives such as the ongoing downtown economic development strategyassist in coordination efforts related to transportation planning and major downtownprojects such raleighs first bus rapid transit linecontribute to the creation of reports including the annual state of downtown andquarterly market reportsassist in data collection analysis and maintenance of downtown datasupport small business and retail recruitment programsparticipate in stakeholder meetings and community engagement efforts
qualificationscurrently enrolled in a graduate or undergraduate program with a focus on urbanplanning economics business research public administration geographysustainability or related fieldstrong interest in economic development city planning and community revitalizationexcellent analytical and research skills with a keen eye for detailproficiency in microsoft office suite and data analysis toolseffective communication skills both written and verbal
benefitsgain handson experience in economic development and city planningwork closely with a dynamic and experienced team of economic development andplanning professionalsnetworking opportunities with local stakeholders and professionalscompensation for your contributions
physical requirementsprolonged periods sitting at a desk and working on a computermust be able to lift up to  pounds at timesmust be able to access various departments of a given location
position environment this is an inperson role with the candidate reporting to the downtown raleigh alliance offices at  fayetteville street suite  raleigh nc office space will be provided onsite at dra and the intern may also be in the field providing support to our downtown raleigh community dra will provide parking for regular or required onsite work dra will also provide the option of transit passes for regular or onsite work travel outside of periodic travel to and from downtown raleigh and the dra office will not be required of this position
other dutiesplease note this job description is not designed to cover or contain a comprehensive listing of activities duties or responsibilities that are required of the employee for this job duties responsibilities and activities may change at any time with or without notice
compensationthis position is a temporary parttime position at approximately  to  hours a week and limited to a maximum week term aligned with the summer university calendar anticipated pay range is    an hour commensurate with qualifications and prior experience this position is nonexempt and not eligible for benefits at dra
how to applyplease submit your resume and cover letter highlighting your interest in economic development and planning to maryselldowntownraleighorg applications will be accepted until monday may th interviews will be scheduled on a rolling basis
eeo statement we are an equal employment opportunity employer and do not discriminate against any person because of race color creed religion national origin political affiliation sex gender identity or expression sexual orientation age disability genetic information or other reasons prohibited by law referred to as protected status this nondiscrimination and opportunity policy extends to employment use of all company facilities membership board service and leadership volunteerism participation in any of the organizations programs or services and all employment actions such as promotions compensation benefits and termination of employment  ",tensorflow nlp pytorch python phd deep learning specialization ai researcher,4,2,80,1
91700727,79,"economic development and planning intern job summarythe economic development  planning intern will provide valuable support to the economic development  planning team with a specific focus on urban planning and transportation initiatives during the upcoming summer semester this role is ideal for a local graduate or undergraduate student with a keen interest in economic development city planning and a passion for contributing to the growth of a vibrant downtown community
responsibilitiesessential functionssupport the planning  transportation manager and dra economic development planning team in major planning and advocacy initiatives such as the ongoing downtown economic development strategyassist in coordination efforts related to transportation planning and major downtownprojects such raleighs first bus rapid transit linecontribute to the creation of reports including the annual state of downtown andquarterly market reportsassist in data collection analysis and maintenance of downtown datasupport small business and retail recruitment programsparticipate in stakeholder meetings and community engagement efforts
qualificationscurrently enrolled in a graduate or undergraduate program with a focus on urbanplanning economics business research public administration geographysustainability or related fieldstrong interest in economic development city planning and community revitalizationexcellent analytical and research skills with a keen eye for detailproficiency in microsoft office suite and data analysis toolseffective communication skills both written and verbal
benefitsgain handson experience in economic development and city planningwork closely with a dynamic and experienced team of economic development andplanning professionalsnetworking opportunities with local stakeholders and professionalscompensation for your contributions
physical requirementsprolonged periods sitting at a desk and working on a computermust be able to lift up to  pounds at timesmust be able to access various departments of a given location
position environment this is an inperson role with the candidate reporting to the downtown raleigh alliance offices at  fayetteville street suite  raleigh nc office space will be provided onsite at dra and the intern may also be in the field providing support to our downtown raleigh community dra will provide parking for regular or required onsite work dra will also provide the option of transit passes for regular or onsite work travel outside of periodic travel to and from downtown raleigh and the dra office will not be required of this position
other dutiesplease note this job description is not designed to cover or contain a comprehensive listing of activities duties or responsibilities that are required of the employee for this job duties responsibilities and activities may change at any time with or without notice
compensationthis position is a temporary parttime position at approximately  to  hours a week and limited to a maximum week term aligned with the summer university calendar anticipated pay range is    an hour commensurate with qualifications and prior experience this position is nonexempt and not eligible for benefits at dra
how to applyplease submit your resume and cover letter highlighting your interest in economic development and planning to maryselldowntownraleighorg applications will be accepted until monday may th interviews will be scheduled on a rolling basis
eeo statement we are an equal employment opportunity employer and do not discriminate against any person because of race color creed religion national origin political affiliation sex gender identity or expression sexual orientation age disability genetic information or other reasons prohibited by law referred to as protected status this nondiscrimination and opportunity policy extends to employment use of all company facilities membership board service and leadership volunteerism participation in any of the organizations programs or services and all employment actions such as promotions compensation benefits and termination of employment  ",tensorflow python mba  ai researcher,1,6,50,0
103254301,115,"producer company descriptionraw cereal is a creative design agency specializing in live interactive corporate and installationbased entertainment our mission is to push boundaries and create unique and immersive experiences for our clients we pride ourselves on our endtoend creative services and cuttingedge use of technology for largerthanlife productions
role descriptionwere looking for directors producers creatives ai programmers d artists senior motion graphics artists editors etc 
if you think you have something to add please reach out 
jobsrawcerealcom  ",c java mba deep learning specialization software engineer,2,2,50,0
103254301,224,"producer company descriptionraw cereal is a creative design agency specializing in live interactive corporate and installationbased entertainment our mission is to push boundaries and create unique and immersive experiences for our clients we pride ourselves on our endtoend creative services and cuttingedge use of technology for largerthanlife productions
role descriptionwere looking for directors producers creatives ai programmers d artists senior motion graphics artists editors etc 
if you think you have something to add please reach out 
jobsrawcerealcom  ",java sql mtech deep learning specialization software engineer,8,4,100,1
103254301,47,"producer company descriptionraw cereal is a creative design agency specializing in live interactive corporate and installationbased entertainment our mission is to push boundaries and create unique and immersive experiences for our clients we pride ourselves on our endtoend creative services and cuttingedge use of technology for largerthanlife productions
role descriptionwere looking for directors producers creatives ai programmers d artists senior motion graphics artists editors etc 
if you think you have something to add please reach out 
jobsrawcerealcom  ",sql java c react mba aws certified software engineer,4,9,100,1
112576855,198,"building engineer summary due to the pending retirement of our building engineer we are seeking a building engineer be the be is a salaried overtimeexempt professional with direct responsibility for the physical plant of our historic clubhouse this handson position involves light maintenance tasks operation of building systems selection and oversight of outside contractors and administration of building maintenance records 
founded in  the pacificunion club is one of the oldest and most exclusive clubs in the world and is known the world over for its excellent facilities and gracious staff our  clubhouse is a national historic landmark and a california designated landmark the club provides dining services a library athletic facilities and overnight accommodation  qualifications professional training certification or a minimum of  years of experience in charge of building maintenance are strongly desired though we will consider candidates with an equivalent combination of education and experience high school degree required though we will consider candidates with equivalent education or experience  experience and verifiable competence in building systems including hvac steam gas electrical plumbing repair work andor equivalent training are required excellent communication skills are required including proficient oral and written communication english fluency is required and the ability to speak additional languages is highly desired  good organizational and time management skills are required  computer competency with word processing spreadsheets email and building systems is required  experience in emergency response is highly desired must be capable of taking a leadership role in emergency response must demonstrate a working knowledge of building codes and regulations pertaining to all basic trades cfc and other trade certifications are desired  experience supervising maintenance staff or equivalent training in supervision is highly desired physical requirements  standing sitting walking and moving about in a normal fashion for extended periods of time including kneeling crouching and climbing ladders reaching by extending hands or arms in any direction ability to bend and lift objects and push or pull items weighing up to  pounds finger dexterity to manipulate objects with fingers rather than with whole hands or arms communication skills using the spoken word ability to see and hear within normal parameters schedule the bes work schedule shall be determined in accordance with business demands typically the schedule consists of weekday daytime shifts but the chief engineer must be available and prepared to work all shifts and days of the week as needed to accomplish the full range of responsibilities responsibilities building maintenance maintains all aspects of the building and grounds to the highest standards of safety cleanliness orderliness efficiency record keeping and professionalism the be is proactive in his duties and makes recommendations for improving systems and procedures project management coordinates and manages maintenance projects and property renovations supervision trains and supervises repairmaintenance staff vendors and outside contractors  serves as the clubs expert on all building operation systems including hvac steam electrical plumbing fire sprinklers utilities laundry fire suppression systems dish machine elevator disabled lift lighting irrigation security etc emergency response handles emergencies in cooperation with other management staff and takes an active role in training staff in the safe use of equipment and systems  communication interfaces positively with coworkers members and vendors and reports concerns other additional duties and responsibilities may be assigned from time to time  maintains a selfimprovement program and keeps abreast of new equipment technology automation standards codes maintenance procedures and emergency response
benefits k retirement plan with  employer contribution and up to  additional contribution annually for qualified participants no matching requirement health plan choice of  plans with up to  individual premiums paid  of dependent premiums paid dental plan with up to  individual premiums paid  of dependent premiums paid life insurance long term disability insurance paid vacations accrual begins after  mo of employment  paid holidays after  days of employment break beverages and meals provided work uniform shirt and pants provided and maintained by the club
application interested applicants should submit a full resume and formal cover letter that explains your interest and qualification for the position while traditional mail is acceptable the employer prefers that both documents be sent by email preferably in pdf format to jobspucluborg traditional mail attn tom gaston the pacificunion club  california street san francisco ca  the club will consider all qualified applicants in accordance with its equal employment opportunity policies and the san francisco fair chance ordinance  ",c sql java phd deep learning specialization software engineer,1,7,70,1
112576855,49,"building engineer summary due to the pending retirement of our building engineer we are seeking a building engineer be the be is a salaried overtimeexempt professional with direct responsibility for the physical plant of our historic clubhouse this handson position involves light maintenance tasks operation of building systems selection and oversight of outside contractors and administration of building maintenance records 
founded in  the pacificunion club is one of the oldest and most exclusive clubs in the world and is known the world over for its excellent facilities and gracious staff our  clubhouse is a national historic landmark and a california designated landmark the club provides dining services a library athletic facilities and overnight accommodation  qualifications professional training certification or a minimum of  years of experience in charge of building maintenance are strongly desired though we will consider candidates with an equivalent combination of education and experience high school degree required though we will consider candidates with equivalent education or experience  experience and verifiable competence in building systems including hvac steam gas electrical plumbing repair work andor equivalent training are required excellent communication skills are required including proficient oral and written communication english fluency is required and the ability to speak additional languages is highly desired  good organizational and time management skills are required  computer competency with word processing spreadsheets email and building systems is required  experience in emergency response is highly desired must be capable of taking a leadership role in emergency response must demonstrate a working knowledge of building codes and regulations pertaining to all basic trades cfc and other trade certifications are desired  experience supervising maintenance staff or equivalent training in supervision is highly desired physical requirements  standing sitting walking and moving about in a normal fashion for extended periods of time including kneeling crouching and climbing ladders reaching by extending hands or arms in any direction ability to bend and lift objects and push or pull items weighing up to  pounds finger dexterity to manipulate objects with fingers rather than with whole hands or arms communication skills using the spoken word ability to see and hear within normal parameters schedule the bes work schedule shall be determined in accordance with business demands typically the schedule consists of weekday daytime shifts but the chief engineer must be available and prepared to work all shifts and days of the week as needed to accomplish the full range of responsibilities responsibilities building maintenance maintains all aspects of the building and grounds to the highest standards of safety cleanliness orderliness efficiency record keeping and professionalism the be is proactive in his duties and makes recommendations for improving systems and procedures project management coordinates and manages maintenance projects and property renovations supervision trains and supervises repairmaintenance staff vendors and outside contractors  serves as the clubs expert on all building operation systems including hvac steam electrical plumbing fire sprinklers utilities laundry fire suppression systems dish machine elevator disabled lift lighting irrigation security etc emergency response handles emergencies in cooperation with other management staff and takes an active role in training staff in the safe use of equipment and systems  communication interfaces positively with coworkers members and vendors and reports concerns other additional duties and responsibilities may be assigned from time to time  maintains a selfimprovement program and keeps abreast of new equipment technology automation standards codes maintenance procedures and emergency response
benefits k retirement plan with  employer contribution and up to  additional contribution annually for qualified participants no matching requirement health plan choice of  plans with up to  individual premiums paid  of dependent premiums paid dental plan with up to  individual premiums paid  of dependent premiums paid life insurance long term disability insurance paid vacations accrual begins after  mo of employment  paid holidays after  days of employment break beverages and meals provided work uniform shirt and pants provided and maintained by the club
application interested applicants should submit a full resume and formal cover letter that explains your interest and qualification for the position while traditional mail is acceptable the employer prefers that both documents be sent by email preferably in pdf format to jobspucluborg traditional mail attn tom gaston the pacificunion club  california street san francisco ca  the club will consider all qualified applicants in accordance with its equal employment opportunity policies and the san francisco fair chance ordinance  ",react sql java mba deep learning specialization software engineer,1,9,80,1
112576855,134,"building engineer summary due to the pending retirement of our building engineer we are seeking a building engineer be the be is a salaried overtimeexempt professional with direct responsibility for the physical plant of our historic clubhouse this handson position involves light maintenance tasks operation of building systems selection and oversight of outside contractors and administration of building maintenance records 
founded in  the pacificunion club is one of the oldest and most exclusive clubs in the world and is known the world over for its excellent facilities and gracious staff our  clubhouse is a national historic landmark and a california designated landmark the club provides dining services a library athletic facilities and overnight accommodation  qualifications professional training certification or a minimum of  years of experience in charge of building maintenance are strongly desired though we will consider candidates with an equivalent combination of education and experience high school degree required though we will consider candidates with equivalent education or experience  experience and verifiable competence in building systems including hvac steam gas electrical plumbing repair work andor equivalent training are required excellent communication skills are required including proficient oral and written communication english fluency is required and the ability to speak additional languages is highly desired  good organizational and time management skills are required  computer competency with word processing spreadsheets email and building systems is required  experience in emergency response is highly desired must be capable of taking a leadership role in emergency response must demonstrate a working knowledge of building codes and regulations pertaining to all basic trades cfc and other trade certifications are desired  experience supervising maintenance staff or equivalent training in supervision is highly desired physical requirements  standing sitting walking and moving about in a normal fashion for extended periods of time including kneeling crouching and climbing ladders reaching by extending hands or arms in any direction ability to bend and lift objects and push or pull items weighing up to  pounds finger dexterity to manipulate objects with fingers rather than with whole hands or arms communication skills using the spoken word ability to see and hear within normal parameters schedule the bes work schedule shall be determined in accordance with business demands typically the schedule consists of weekday daytime shifts but the chief engineer must be available and prepared to work all shifts and days of the week as needed to accomplish the full range of responsibilities responsibilities building maintenance maintains all aspects of the building and grounds to the highest standards of safety cleanliness orderliness efficiency record keeping and professionalism the be is proactive in his duties and makes recommendations for improving systems and procedures project management coordinates and manages maintenance projects and property renovations supervision trains and supervises repairmaintenance staff vendors and outside contractors  serves as the clubs expert on all building operation systems including hvac steam electrical plumbing fire sprinklers utilities laundry fire suppression systems dish machine elevator disabled lift lighting irrigation security etc emergency response handles emergencies in cooperation with other management staff and takes an active role in training staff in the safe use of equipment and systems  communication interfaces positively with coworkers members and vendors and reports concerns other additional duties and responsibilities may be assigned from time to time  maintains a selfimprovement program and keeps abreast of new equipment technology automation standards codes maintenance procedures and emergency response
benefits k retirement plan with  employer contribution and up to  additional contribution annually for qualified participants no matching requirement health plan choice of  plans with up to  individual premiums paid  of dependent premiums paid dental plan with up to  individual premiums paid  of dependent premiums paid life insurance long term disability insurance paid vacations accrual begins after  mo of employment  paid holidays after  days of employment break beverages and meals provided work uniform shirt and pants provided and maintained by the club
application interested applicants should submit a full resume and formal cover letter that explains your interest and qualification for the position while traditional mail is acceptable the employer prefers that both documents be sent by email preferably in pdf format to jobspucluborg traditional mail attn tom gaston the pacificunion club  california street san francisco ca  the club will consider all qualified applicants in accordance with its equal employment opportunity policies and the san francisco fair chance ordinance  ",c java react sql phd  software engineer,1,0,30,0
1218575,171,"respiratory therapist at childrens the regions only fullservice pediatric healthcare center our people make us the very best for kids come cultivate your passion purpose and professional development in an environment of excellence and inclusion where team members are supported and deeply valued opportunities for career growth abound as we grow our services and spaces including the cuttingedge hubbard center for children join our highly engaged caring teamand join us in providing brighter healthier tomorrows for the children we serve childrens is committed to diversity and inclusion we are an equal opportunity employer including veterans and people with disabilities
a brief overviewprovides appropriate respiratory care specific to the pediatric population in accordance with the hospital policyprocedure assesses plans and implements appropriate respiratory plan of care based on the cardiopulmonary needs of the patients evaluates effectiveness of plan of care and recommends revisions to the multidisciplinary care team
essential functions set up and operate devices such as mechanical ventilators therapeutic gas administration apparatus environmental control systems and aerosol generators following specified parameters of treatment  determine requirements for treatment such as type methods and duration of therapy precautions to be taken and medication and dosages compatible with physicians orders  read physicians orders measure arterial blood gases and review patient information to assess patients condition  explain treatment procedures to patients to gain cooperation and allay fears  monitor patients physiological responses to therapy such as vital signs arterial blood gases and blood chemistry changes and consult with physician if adverse reactions occur  administer therapeutic gases including nitrogen nitric oxide heliox etc  enforce safety rules and ensure careful adherence to physicians orders  maintain charts that contain patient pertinent identification and therapy information  inspect clean test and maintain respiratory therapy equipment to ensure equipment is functioning safely and efficiently and notify managersupervisor when repairs are necessary  educate patients andor their families about the patients condition and teach appropriate disease management techniques such as breathing exercises and the use of medications and respiratory equipment  perform bronchopulmonary drainage and assist or instruct patients in performance of breathing exercises  conduct lung capacity tests to evaluate patients cardiopulmonary functions  provide emergency care including artificial respiration external cardiac massage and assistance with cardiopulmonary resuscitation  complete all required respiratory therapy competency tests within specified timeline  demonstrate competency in identified technical skills for the respiratory department at the specific work areaother duties may also include clinical instructor schedule dependent on the contract with respiratory therapy schools  supervise contracted respiratory therapy rt students from specified schools in the clinical hospital setting  orients rt students to their role in the hospital which includes scope of service policies and procedures patient safety and professionalism  orients rt students to the equipment used by rt at childrens  provides opportunities for directly supervised hands on learning in the clinical setting  responsible for accurate completion and documentation of all respiratory therapy performed with rt students  responsible for accurate hand off of patient information and ordered respiratory therapy performed with rt studentsregular attendance at work is an essential function of the jobperform physical requirements as described in the physical requirements section
education qualificationsgraduate of an accredited ama approved school of respiratory care accredited by the national board of respiratory care required andbachelors degree from an ama approved accredited school in respiratory care preferredexperience qualificationsminimum  year experience in respiratory therapy preferred andexperience working with pediatric patients preferredskills and abilitiesdemonstrates competency in technical skills related to the respiratory therapy departmentlicenses and certificationsrcp  licensed respiratory care practitioner current and valid nebraska license as a respiratory care practitioner required andbcls  basic life support through the american heart association required andrrt  registered respiratory therapist current and valid national registered respiratory therapist rrt credential within  year required andcurrent and valid national registered neonatalpediatric respiratory therapist rrtnps credential within three years of hire required andpals  pediatric advanced life support within  days required
childrens is the very best for kids and the very best for your career at childrens we put you first so together we can improve the life of every child requires the ability to communicate effective both verbally and in writing  requires basic computer skills 

education and experience 

 graduate of an accredited school of occupational therapy  must possess current valid nebraska state license in occupational therapy  must possess current valid registration by the nbcot  national board for certification in occupational therapy  must be certified in basic life support  experience with pediatric patients preferred ",networking ethical hacking cybersecurity mba  cybersecurity analyst,8,1,100,1
1218575,7,"respiratory therapist at childrens the regions only fullservice pediatric healthcare center our people make us the very best for kids come cultivate your passion purpose and professional development in an environment of excellence and inclusion where team members are supported and deeply valued opportunities for career growth abound as we grow our services and spaces including the cuttingedge hubbard center for children join our highly engaged caring teamand join us in providing brighter healthier tomorrows for the children we serve childrens is committed to diversity and inclusion we are an equal opportunity employer including veterans and people with disabilities
a brief overviewprovides appropriate respiratory care specific to the pediatric population in accordance with the hospital policyprocedure assesses plans and implements appropriate respiratory plan of care based on the cardiopulmonary needs of the patients evaluates effectiveness of plan of care and recommends revisions to the multidisciplinary care team
essential functions set up and operate devices such as mechanical ventilators therapeutic gas administration apparatus environmental control systems and aerosol generators following specified parameters of treatment  determine requirements for treatment such as type methods and duration of therapy precautions to be taken and medication and dosages compatible with physicians orders  read physicians orders measure arterial blood gases and review patient information to assess patients condition  explain treatment procedures to patients to gain cooperation and allay fears  monitor patients physiological responses to therapy such as vital signs arterial blood gases and blood chemistry changes and consult with physician if adverse reactions occur  administer therapeutic gases including nitrogen nitric oxide heliox etc  enforce safety rules and ensure careful adherence to physicians orders  maintain charts that contain patient pertinent identification and therapy information  inspect clean test and maintain respiratory therapy equipment to ensure equipment is functioning safely and efficiently and notify managersupervisor when repairs are necessary  educate patients andor their families about the patients condition and teach appropriate disease management techniques such as breathing exercises and the use of medications and respiratory equipment  perform bronchopulmonary drainage and assist or instruct patients in performance of breathing exercises  conduct lung capacity tests to evaluate patients cardiopulmonary functions  provide emergency care including artificial respiration external cardiac massage and assistance with cardiopulmonary resuscitation  complete all required respiratory therapy competency tests within specified timeline  demonstrate competency in identified technical skills for the respiratory department at the specific work areaother duties may also include clinical instructor schedule dependent on the contract with respiratory therapy schools  supervise contracted respiratory therapy rt students from specified schools in the clinical hospital setting  orients rt students to their role in the hospital which includes scope of service policies and procedures patient safety and professionalism  orients rt students to the equipment used by rt at childrens  provides opportunities for directly supervised hands on learning in the clinical setting  responsible for accurate completion and documentation of all respiratory therapy performed with rt students  responsible for accurate hand off of patient information and ordered respiratory therapy performed with rt studentsregular attendance at work is an essential function of the jobperform physical requirements as described in the physical requirements section
education qualificationsgraduate of an accredited ama approved school of respiratory care accredited by the national board of respiratory care required andbachelors degree from an ama approved accredited school in respiratory care preferredexperience qualificationsminimum  year experience in respiratory therapy preferred andexperience working with pediatric patients preferredskills and abilitiesdemonstrates competency in technical skills related to the respiratory therapy departmentlicenses and certificationsrcp  licensed respiratory care practitioner current and valid nebraska license as a respiratory care practitioner required andbcls  basic life support through the american heart association required andrrt  registered respiratory therapist current and valid national registered respiratory therapist rrt credential within  year required andcurrent and valid national registered neonatalpediatric respiratory therapist rrtnps credential within three years of hire required andpals  pediatric advanced life support within  days required
childrens is the very best for kids and the very best for your career at childrens we put you first so together we can improve the life of every child requires the ability to communicate effective both verbally and in writing  requires basic computer skills 

education and experience 

 graduate of an accredited school of occupational therapy  must possess current valid nebraska state license in occupational therapy  must possess current valid registration by the nbcot  national board for certification in occupational therapy  must be certified in basic life support  experience with pediatric patients preferred ",networking cybersecurity ethical hacking mtech aws certified cybersecurity analyst,4,9,100,1
1218575,133,"respiratory therapist at childrens the regions only fullservice pediatric healthcare center our people make us the very best for kids come cultivate your passion purpose and professional development in an environment of excellence and inclusion where team members are supported and deeply valued opportunities for career growth abound as we grow our services and spaces including the cuttingedge hubbard center for children join our highly engaged caring teamand join us in providing brighter healthier tomorrows for the children we serve childrens is committed to diversity and inclusion we are an equal opportunity employer including veterans and people with disabilities
a brief overviewprovides appropriate respiratory care specific to the pediatric population in accordance with the hospital policyprocedure assesses plans and implements appropriate respiratory plan of care based on the cardiopulmonary needs of the patients evaluates effectiveness of plan of care and recommends revisions to the multidisciplinary care team
essential functions set up and operate devices such as mechanical ventilators therapeutic gas administration apparatus environmental control systems and aerosol generators following specified parameters of treatment  determine requirements for treatment such as type methods and duration of therapy precautions to be taken and medication and dosages compatible with physicians orders  read physicians orders measure arterial blood gases and review patient information to assess patients condition  explain treatment procedures to patients to gain cooperation and allay fears  monitor patients physiological responses to therapy such as vital signs arterial blood gases and blood chemistry changes and consult with physician if adverse reactions occur  administer therapeutic gases including nitrogen nitric oxide heliox etc  enforce safety rules and ensure careful adherence to physicians orders  maintain charts that contain patient pertinent identification and therapy information  inspect clean test and maintain respiratory therapy equipment to ensure equipment is functioning safely and efficiently and notify managersupervisor when repairs are necessary  educate patients andor their families about the patients condition and teach appropriate disease management techniques such as breathing exercises and the use of medications and respiratory equipment  perform bronchopulmonary drainage and assist or instruct patients in performance of breathing exercises  conduct lung capacity tests to evaluate patients cardiopulmonary functions  provide emergency care including artificial respiration external cardiac massage and assistance with cardiopulmonary resuscitation  complete all required respiratory therapy competency tests within specified timeline  demonstrate competency in identified technical skills for the respiratory department at the specific work areaother duties may also include clinical instructor schedule dependent on the contract with respiratory therapy schools  supervise contracted respiratory therapy rt students from specified schools in the clinical hospital setting  orients rt students to their role in the hospital which includes scope of service policies and procedures patient safety and professionalism  orients rt students to the equipment used by rt at childrens  provides opportunities for directly supervised hands on learning in the clinical setting  responsible for accurate completion and documentation of all respiratory therapy performed with rt students  responsible for accurate hand off of patient information and ordered respiratory therapy performed with rt studentsregular attendance at work is an essential function of the jobperform physical requirements as described in the physical requirements section
education qualificationsgraduate of an accredited ama approved school of respiratory care accredited by the national board of respiratory care required andbachelors degree from an ama approved accredited school in respiratory care preferredexperience qualificationsminimum  year experience in respiratory therapy preferred andexperience working with pediatric patients preferredskills and abilitiesdemonstrates competency in technical skills related to the respiratory therapy departmentlicenses and certificationsrcp  licensed respiratory care practitioner current and valid nebraska license as a respiratory care practitioner required andbcls  basic life support through the american heart association required andrrt  registered respiratory therapist current and valid national registered respiratory therapist rrt credential within  year required andcurrent and valid national registered neonatalpediatric respiratory therapist rrtnps credential within three years of hire required andpals  pediatric advanced life support within  days required
childrens is the very best for kids and the very best for your career at childrens we put you first so together we can improve the life of every child requires the ability to communicate effective both verbally and in writing  requires basic computer skills 

education and experience 

 graduate of an accredited school of occupational therapy  must possess current valid nebraska state license in occupational therapy  must possess current valid registration by the nbcot  national board for certification in occupational therapy  must be certified in basic life support  experience with pediatric patients preferred ",ethical hacking networking linux cybersecurity bsc deep learning specialization cybersecurity analyst,8,4,100,1
2264355,103,"worship leader it is an exciting time to be a part of our church we are looking for the right energetic leader to join the mission to make disciples for jesus in palm bay florida and beyond
what type of candidate are we looking forthis best fit for the position will lead our worship team to creatively craft meaningful inspiring musical worship in our worship experiences he or she will also shepherd our team and help disciple them to make disciplesthe ideal candidate will invest their lives as a part of our church family this position is also for someone who is willing to own this ministry and work to see it move forward
skills to have a vibrant growing relationship with jesus christ faithful commitment to the vision mission and leadership standards of our church ability to lead our worship musicians to create excellent authentic modern worship example hillsong elevation etc exceptional vocal andor instrumental talent multitracks planning center online propresenter are required or must learn quickly
responsibilities create musical worship for sunday morning worship gathering conduct rehearsals to prepare for sundays other duties as assigned local connections for team building are a plusthis position is parttime to start with the ability to increase as the demands of the church require it
hours per weekless than 
when you apply include a link to you leading worship in a worship service setting knowledge skills and abilities  proficient with computer technology such as microsoft office also proficiency with or ability to learn propresenter and online applications such as google calendar and planning center understanding and skill in photoshop adobe premiere a plus
  good writing analytical and problemsolving skills
  good knowledge of social networking applications such as facebook twitter
  ability to communicate effectively verbally and in writing
  ability to operate standard office equipment including but not limited to computers telephone systems copiersprinters and facsimile machines
  ability to follow oral and written instructions
  followup skills with great attention to detail
  coachable ability in graphic design and minimal video editing ability a huge plus and preferred but not required 
minimum qualifications  at least two  years of experience in general office responsibilities and procedures and two  years of graphics design and media background
  must be proficient in computer usage both internet and word processing
  knowledge of principles and practices of basic office management and organization
  ability to work well either alone or as part of a team
  must be fully committed to the mission of fbc melbournebay west church ",ethical hacking networking mba deep learning specialization cybersecurity analyst,2,3,55,0
2264355,12,"worship leader it is an exciting time to be a part of our church we are looking for the right energetic leader to join the mission to make disciples for jesus in palm bay florida and beyond
what type of candidate are we looking forthis best fit for the position will lead our worship team to creatively craft meaningful inspiring musical worship in our worship experiences he or she will also shepherd our team and help disciple them to make disciplesthe ideal candidate will invest their lives as a part of our church family this position is also for someone who is willing to own this ministry and work to see it move forward
skills to have a vibrant growing relationship with jesus christ faithful commitment to the vision mission and leadership standards of our church ability to lead our worship musicians to create excellent authentic modern worship example hillsong elevation etc exceptional vocal andor instrumental talent multitracks planning center online propresenter are required or must learn quickly
responsibilities create musical worship for sunday morning worship gathering conduct rehearsals to prepare for sundays other duties as assigned local connections for team building are a plusthis position is parttime to start with the ability to increase as the demands of the church require it
hours per weekless than 
when you apply include a link to you leading worship in a worship service setting knowledge skills and abilities  proficient with computer technology such as microsoft office also proficiency with or ability to learn propresenter and online applications such as google calendar and planning center understanding and skill in photoshop adobe premiere a plus
  good writing analytical and problemsolving skills
  good knowledge of social networking applications such as facebook twitter
  ability to communicate effectively verbally and in writing
  ability to operate standard office equipment including but not limited to computers telephone systems copiersprinters and facsimile machines
  ability to follow oral and written instructions
  followup skills with great attention to detail
  coachable ability in graphic design and minimal video editing ability a huge plus and preferred but not required 
minimum qualifications  at least two  years of experience in general office responsibilities and procedures and two  years of graphics design and media background
  must be proficient in computer usage both internet and word processing
  knowledge of principles and practices of basic office management and organization
  ability to work well either alone or as part of a team
  must be fully committed to the mission of fbc melbournebay west church ",cybersecurity ethical hacking networking mba google ml cybersecurity analyst,0,5,50,0
2264355,151,"worship leader it is an exciting time to be a part of our church we are looking for the right energetic leader to join the mission to make disciples for jesus in palm bay florida and beyond
what type of candidate are we looking forthis best fit for the position will lead our worship team to creatively craft meaningful inspiring musical worship in our worship experiences he or she will also shepherd our team and help disciple them to make disciplesthe ideal candidate will invest their lives as a part of our church family this position is also for someone who is willing to own this ministry and work to see it move forward
skills to have a vibrant growing relationship with jesus christ faithful commitment to the vision mission and leadership standards of our church ability to lead our worship musicians to create excellent authentic modern worship example hillsong elevation etc exceptional vocal andor instrumental talent multitracks planning center online propresenter are required or must learn quickly
responsibilities create musical worship for sunday morning worship gathering conduct rehearsals to prepare for sundays other duties as assigned local connections for team building are a plusthis position is parttime to start with the ability to increase as the demands of the church require it
hours per weekless than 
when you apply include a link to you leading worship in a worship service setting knowledge skills and abilities  proficient with computer technology such as microsoft office also proficiency with or ability to learn propresenter and online applications such as google calendar and planning center understanding and skill in photoshop adobe premiere a plus
  good writing analytical and problemsolving skills
  good knowledge of social networking applications such as facebook twitter
  ability to communicate effectively verbally and in writing
  ability to operate standard office equipment including but not limited to computers telephone systems copiersprinters and facsimile machines
  ability to follow oral and written instructions
  followup skills with great attention to detail
  coachable ability in graphic design and minimal video editing ability a huge plus and preferred but not required 
minimum qualifications  at least two  years of experience in general office responsibilities and procedures and two  years of graphics design and media background
  must be proficient in computer usage both internet and word processing
  knowledge of principles and practices of basic office management and organization
  ability to work well either alone or as part of a team
  must be fully committed to the mission of fbc melbournebay west church ",ethical hacking networking linux btech google ml cybersecurity analyst,3,7,90,1
